id,direction,entry_price,entry_time,entry_time_ts,exit_price,exit_time,exit_time_ts,exit_reason,sl,tps,initial_size,pnl,pnl_percent,cumulative_pnl,tp_hits,r_return
1,long,3335.01,2025-04-24 10:00:00+00:00,1745488800,3331.15,2025-04-24 11:20:00+00:00,1745493600,Signal,3309.73,"[np.float64(3447.97), np.float64(3583.69), None, None, None]",39.55,-152.66,-0.12,-152.66,[],-0.15
2,short,3331.15,2025-04-24 11:20:00+00:00,1745493600,3335.75,2025-04-24 20:15:00+00:00,1745525700,SL,3335.6,"[np.float64(3250.54), np.float64(3153.62), None, None, None]",55.26,-253.93,-0.14,-406.59,[],-0.25
3,short,3291.59,2025-04-28 08:35:00+00:00,1745829300,3298.17,2025-04-28 15:20:00+00:00,1745853600,SL,3298.02,"[np.float64(3222.56), np.float64(3139.54), None, None, None]",64.42,-423.75,-0.2,-830.34,[],-0.42
4,short,3316.55,2025-04-29 10:35:00+00:00,1745922900,3315.54,2025-04-29 16:05:00+00:00,1745942700,SL,3315.39,"[np.float64(3275.12), np.float64(3225.23), None, None, None]",106.51,107.3,0.03,-723.04,[],0.11
5,short,3312.97,2025-04-29 16:20:00+00:00,1745943600,3320.2,2025-04-29 19:30:00+00:00,1745955000,SL,3320.05,"[np.float64(3256.35), np.float64(3188.22), None, None, None]",78.33,-565.97,-0.22,-1289.01,[],-0.57
6,short,3222.6,2025-05-01 16:50:00+00:00,1746118200,3231.72,2025-05-01 23:05:00+00:00,1746140700,SL,3231.57,"[np.float64(3148.34), np.float64(3059.06), None, None, None]",59.94,-546.37,-0.28,-1835.38,[],-0.55
7,long,3250.24,2025-05-02 09:50:00+00:00,1746179400,3259.46,2025-05-02 13:15:00+00:00,1746191700,News Embargo,3250.38,"[np.float64(3296.64), np.float64(3352.5), None, None, None]",95.29,878.57,0.28,-956.8,[],0.88
8,long,3259.85,2025-05-02 15:35:00+00:00,1746200100,3242.22,2025-05-02 16:05:00+00:00,1746201900,SL,3242.37,"[np.float64(3337.68), np.float64(3431.26), None, None, None]",57.21,-1008.58,-0.54,-1965.39,[],-1.01
9,long,3252.34,2025-05-02 17:10:00+00:00,1746205800,3230.76,2025-05-02 18:50:00+00:00,1746211800,SL,3230.91,"[np.float64(3347.94), np.float64(3462.84), None, None, None]",46.67,-1007.04,-0.66,-2972.43,[],-1.01
10,long,3318.48,2025-05-05 17:00:00+00:00,1746464400,3360.49,2025-05-06 05:45:00+00:00,1746510300,SL,3360.64,"[np.float64(3391.59), np.float64(3479.49), None, None, None]",60.87,2557.37,1.27,-415.05,[],2.56
11,long,3357.87,2025-05-06 08:45:00+00:00,1746521100,3408.01,2025-05-07 01:05:00+00:00,1746579900,Trail_SL,3408.16,"[np.float64(3432.01), np.float64(3521.16), None, None, None]",60.03,3725.73,1.85,3310.68,[1],3.73
12,short,3384.27,2025-05-07 10:45:00+00:00,1746614700,3385.79,2025-05-07 16:20:00+00:00,1746634800,Signal,3397.14,"[np.float64(3306.55), np.float64(3213.1), None, None, None]",57.29,-87.08,-0.04,3223.6,[],-0.09
13,long,3385.79,2025-05-07 16:20:00+00:00,1746634800,3385.63,2025-05-07 17:10:00+00:00,1746637800,Signal,3377.96,"[np.float64(3441.34), np.float64(3508.17), None, None, None]",79.83,-12.77,-0.0,3210.82,[],-0.01
14,short,3385.63,2025-05-07 17:10:00+00:00,1746637800,3387.72,2025-05-07 17:35:00+00:00,1746639300,Signal,3402.84,"[np.float64(3309.02), np.float64(3216.9), None, None, None]",58.11,-121.45,-0.06,3089.37,[],-0.12
15,long,3387.72,2025-05-07 17:35:00+00:00,1746639300,3385.18,2025-05-07 18:45:00+00:00,1746643500,News Embargo,3373.98,"[np.float64(3448.71), np.float64(3522.07), None, None, None]",72.8,-184.91,-0.07,2904.46,[],-0.18
16,short,3235.54,2025-05-14 10:40:00+00:00,1747219200,3191.36,2025-05-14 16:30:00+00:00,1747240200,Trail_SL,3191.21,"[np.float64(3190.42), np.float64(3136.09), None, None, None]",97.94,4365.97,1.38,7270.43,[1],4.37
17,short,3312.82,2025-05-22 16:20:00+00:00,1747930800,3297.94,2025-05-22 17:25:00+00:00,1747934700,SL,3297.79,"[np.float64(3261.31), np.float64(3199.31), None, None, None]",85.98,1279.48,0.45,8549.91,[],1.28
18,long,3345.6,2025-05-26 08:35:00+00:00,1748248500,3339.23,2025-05-26 09:25:00+00:00,1748251500,SL,3339.38,"[np.float64(3375.02), np.float64(3410.51), None, None, None]",148.78,-948.35,-0.19,7601.56,[],-0.95
19,long,3302.91,2025-05-30 15:10:00+00:00,1748617800,3299.2,2025-05-30 15:30:00+00:00,1748619000,Signal,3273.83,"[np.float64(3432.96), np.float64(3589.19), None, None, None]",34.38,-127.55,-0.11,7474.01,[],-0.13
20,short,3299.2,2025-05-30 15:30:00+00:00,1748619000,3293.94,2025-05-30 19:55:00+00:00,1748634900,SL,3293.79,"[np.float64(3237.77), np.float64(3163.88), None, None, None]",72.28,379.85,0.16,7853.86,[],0.38
21,long,3375.91,2025-06-05 06:30:00+00:00,1749105000,3366.13,2025-06-05 07:15:00+00:00,1749107700,SL,3366.28,"[np.float64(3418.43), np.float64(3469.64), None, None, None]",103.81,-1015.56,-0.29,6838.3,[],-1.02
22,short,3361.15,2025-06-06 06:10:00+00:00,1749190200,3373.53,2025-06-06 07:20:00+00:00,1749194400,SL,3373.38,"[np.float64(3306.94), np.float64(3241.72), None, None, None]",81.77,-1012.23,-0.37,5826.07,[],-1.01
23,long,3364.03,2025-06-06 11:25:00+00:00,1749209100,3353.0,2025-06-06 12:45:00+00:00,1749213900,SL,3353.15,"[np.float64(3412.16), np.float64(3470.09), None, None, None]",91.93,-1013.83,-0.33,4812.24,[],-1.01
24,long,3316.25,2025-06-09 16:30:00+00:00,1749486600,3321.58,2025-06-10 01:45:00+00:00,1749519900,SL,3321.73,"[np.float64(3361.53), np.float64(3416.05), None, None, None]",97.6,519.89,0.16,5332.13,[],0.52
25,long,3338.09,2025-06-11 15:15:00+00:00,1749654900,3330.49,2025-06-11 16:45:00+00:00,1749660300,SL,3330.64,"[np.float64(3421.55), np.float64(3521.89), None, None, None]",53.39,-405.72,-0.23,4926.41,[],-0.41
26,short,3419.16,2025-06-16 13:40:00+00:00,1750081200,3415.27,2025-06-16 16:20:00+00:00,1750090800,SL,3415.12,"[np.float64(3394.14), np.float64(3363.93), None, None, None]",174.09,677.09,0.11,5603.49,[],0.68
27,short,3384.72,2025-06-18 14:10:00+00:00,1750255800,3390.26,2025-06-18 15:45:00+00:00,1750261500,SL,3390.11,"[np.float64(3339.55), np.float64(3285.17), None, None, None]",97.84,-542.32,-0.16,5061.18,[],-0.54
28,short,3367.79,2025-06-19 17:35:00+00:00,1750354500,3356.08,2025-06-20 09:25:00+00:00,1750411500,SL,3355.93,"[np.float64(3324.48), np.float64(3272.33), None, None, None]",101.97,1193.91,0.35,6255.09,[],1.19
29,short,3327.74,2025-06-25 07:10:00+00:00,1750835400,3327.43,2025-06-25 16:00:00+00:00,1750867200,SL,3327.28,"[np.float64(3285.22), np.float64(3234.02), None, None, None]",103.82,32.05,0.01,6287.13,[],0.03
30,short,3333.99,2025-06-26 12:40:00+00:00,1750941600,3275.88,2025-06-27 12:15:00+00:00,1751026500,News Embargo,3298.87,"[np.float64(3259.95), np.float64(3170.92), None, None, None]",60.11,3492.99,1.74,9780.13,[],3.49
31,short,3277.56,2025-06-27 16:25:00+00:00,1751041500,3278.92,2025-06-29 22:00:00+00:00,1751234400,SL,3278.77,"[np.float64(3248.97), np.float64(3214.48), None, None, None]",152.97,-207.93,-0.04,9572.19,[],-0.21
32,short,3337.24,2025-07-02 07:40:00+00:00,1751442000,3341.75,2025-07-02 11:35:00+00:00,1751456100,SL,3341.6,"[np.float64(3298.71), np.float64(3252.3), None, None, None]",114.35,-515.97,-0.14,9056.22,[],-0.52
33,long,3336.94,2025-07-04 12:55:00+00:00,1751633700,3331.9,2025-07-04 14:45:00+00:00,1751640300,SL,3332.05,"[np.float64(3358.13), np.float64(3383.73), None, None, None]",204.43,-1030.67,-0.15,8025.55,[],-1.03
34,short,3321.37,2025-07-10 13:50:00+00:00,1752155400,3331.23,2025-07-11 02:30:00+00:00,1752201000,SL,3331.08,"[np.float64(3263.07), np.float64(3192.94), None, None, None]",76.12,-750.6,-0.3,7274.95,[],-0.75
35,short,3359.49,2025-07-14 06:40:00+00:00,1752475200,3363.75,2025-07-14 08:45:00+00:00,1752482700,SL,3363.6,"[np.float64(3332.85), np.float64(3300.7), None, None, None]",163.84,-697.26,-0.13,6577.7,[],-0.7
36,long,3361.22,2025-07-15 10:55:00+00:00,1752576900,3360.49,2025-07-15 13:15:00+00:00,1752585300,News Embargo,3353.24,"[np.float64(3398.37), np.float64(3443.13), None, None, None]",118.49,-86.5,-0.02,6491.2,[],-0.09
37,long,3336.65,2025-07-16 14:20:00+00:00,1752675600,3330.18,2025-07-16 15:35:00+00:00,1752680100,SL,3330.33,"[np.float64(3364.25), np.float64(3397.55), None, None, None]",158.32,-1023.75,-0.19,5467.45,[],-1.02
38,short,3341.44,2025-07-17 07:00:00+00:00,1752735600,3319.71,2025-07-17 15:35:00+00:00,1752766500,Trail_SL,3319.56,"[np.float64(3314.98), np.float64(3283.04), None, None, None]",164.92,3961.35,0.72,9428.8,[1],3.96
39,long,3364.13,2025-07-21 11:40:00+00:00,1753098000,3388.31,2025-07-21 15:55:00+00:00,1753113300,Trail_SL,3388.46,"[np.float64(3382.39), np.float64(3404.49), None, None, None]",235.73,4985.37,0.63,14414.16,[1],4.99
40,short,3314.23,2025-07-29 08:05:00+00:00,1753776300,3326.02,2025-07-29 09:10:00+00:00,1753780200,SL,3325.87,"[np.float64(3262.67), np.float64(3200.62), None, None, None]",85.9,-1012.87,-0.36,13401.29,[],-1.01
41,long,3320.46,2025-07-29 13:30:00+00:00,1753795800,3313.83,2025-07-29 14:35:00+00:00,1753799700,SL,3313.98,"[np.float64(3349.32), np.float64(3384.14), None, None, None]",151.57,-1004.35,-0.2,12396.94,[],-1.0
42,long,3320.36,2025-07-29 14:40:00+00:00,1753800000,3328.03,2025-07-30 11:45:00+00:00,1753875900,Signal,3315.14,"[np.float64(3372.99), np.float64(3436.34), None, None, None]",84.18,645.66,0.23,13042.61,[],0.65
43,short,3328.03,2025-07-30 11:45:00+00:00,1753875900,3299.77,2025-07-30 18:15:00+00:00,1753899300,Trail_SL,3299.62,"[np.float64(3298.17), np.float64(3262.15), None, None, None]",146.64,4250.45,0.87,17293.06,[1],4.25
44,short,3368.91,2025-08-05 09:40:00+00:00,1754386800,3364.86,2025-08-05 13:35:00+00:00,1754400900,SL,3364.71,"[np.float64(3328.35), np.float64(3279.5), None, None, None]",108.73,439.83,0.12,17732.89,[],0.44
45,long,3380.22,2025-08-07 12:10:00+00:00,1754568600,3387.14,2025-08-08 02:05:00+00:00,1754618700,SL,3387.29,"[np.float64(3440.11), np.float64(3512.16), None, None, None]",74.11,512.97,0.2,18245.87,[],0.51
46,short,3351.12,2025-08-12 07:00:00+00:00,1754982000,3356.84,2025-08-12 08:35:00+00:00,1754987700,SL,3356.69,"[np.float64(3311.44), np.float64(3263.65), None, None, None]",111.1,-635.62,-0.17,17610.24,[],-0.64
47,long,3351.59,2025-08-13 07:00:00+00:00,1755068400,3355.74,2025-08-13 13:30:00+00:00,1755091800,SL,3355.89,"[np.float64(3382.33), np.float64(3419.4), None, None, None]",142.55,591.03,0.12,18201.27,[],0.59
48,long,3344.75,2025-08-15 10:20:00+00:00,1755253200,3335.12,2025-08-15 13:30:00+00:00,1755264600,SL,3335.27,"[np.float64(3386.57), np.float64(3436.93), None, None, None]",105.53,-1015.82,-0.29,17185.46,[],-1.02
49,long,3341.3,2025-08-15 13:35:00+00:00,1755264900,3337.13,2025-08-15 14:15:00+00:00,1755267300,Signal,3331.31,"[np.float64(3385.45), np.float64(3438.61), None, None, None]",100.06,-417.25,-0.12,16768.21,[],-0.42
50,short,3337.13,2025-08-15 14:15:00+00:00,1755267300,3341.78,2025-08-15 15:15:00+00:00,1755270900,Signal,3350.59,"[np.float64(3277.41), np.float64(3205.56), None, None, None]",74.32,-345.59,-0.14,16422.62,[],-0.35
51,long,3341.78,2025-08-15 15:15:00+00:00,1755270900,3336.81,2025-08-15 21:30:00+00:00,1755293400,Weekend Close,3327.46,"[np.float64(3405.37), np.float64(3481.87), None, None, None]",69.85,-347.15,-0.15,16075.46,[],-0.35
52,long,3350.94,2025-08-18 10:05:00+00:00,1755511500,3342.23,2025-08-18 14:00:00+00:00,1755525600,SL,3342.38,"[np.float64(3388.66), np.float64(3434.1), None, None, None]",116.76,-1017.54,-0.26,15057.93,[],-1.02
53,short,3340.07,2025-08-21 10:50:00+00:00,1755773400,3333.11,2025-08-21 12:35:00+00:00,1755779700,SL,3332.96,"[np.float64(3319.02), np.float64(3293.58), None, None, None]",205.72,1432.32,0.21,16490.25,[],1.43
54,short,3337.99,2025-08-21 14:50:00+00:00,1755787800,3331.22,2025-08-22 14:30:00+00:00,1755873000,Signal,3338.28,"[np.float64(3291.46), np.float64(3235.44), None, None, None]",95.02,643.29,0.2,17133.53,[],0.64
55,long,3331.22,2025-08-22 14:30:00+00:00,1755873000,3371.14,2025-08-22 21:30:00+00:00,1755898200,Weekend Close,3361.62,"[np.float64(3378.82), np.float64(3436.11), None, None, None]",92.94,4059.89,1.31,21193.42,[1],4.06
56,short,3381.62,2025-08-27 10:40:00+00:00,1756291200,3380.62,2025-08-27 13:20:00+00:00,1756300800,SL,3380.47,"[np.float64(3363.77), np.float64(3342.17), None, None, None]",240.06,241.25,0.03,21434.67,[],0.24
57,long,3391.41,2025-08-28 07:00:00+00:00,1756364400,3390.57,2025-08-28 07:10:00+00:00,1756365000,Signal,3386.29,"[np.float64(3413.64), np.float64(3440.5), None, None, None]",195.17,-163.94,-0.02,21270.72,[],-0.16
58,short,3390.57,2025-08-28 07:10:00+00:00,1756365000,3391.88,2025-08-28 07:20:00+00:00,1756365600,Signal,3394.81,"[np.float64(3372.3), np.float64(3350.2), None, None, None]",235.71,-308.78,-0.04,20961.94,[],-0.31
59,long,3391.88,2025-08-28 07:20:00+00:00,1756365600,3390.1,2025-08-28 07:25:00+00:00,1756365900,Signal,3385.91,"[np.float64(3417.92), np.float64(3449.36), None, None, None]",167.48,-298.11,-0.05,20663.83,[],-0.3
60,short,3390.1,2025-08-28 07:25:00+00:00,1756365900,3391.28,2025-08-28 07:30:00+00:00,1756366200,Signal,3395.2,"[np.float64(3367.95), np.float64(3341.2), None, None, None]",195.91,-231.17,-0.03,20432.66,[],-0.23
61,long,3391.28,2025-08-28 07:30:00+00:00,1756366200,3399.81,2025-08-28 13:45:00+00:00,1756388700,SL,3399.96,"[np.float64(3415.21), np.float64(3444.1), None, None, None]",181.8,1550.58,0.25,21983.23,[],1.55
62,long,3412.35,2025-08-29 08:55:00+00:00,1756457700,3449.99,2025-08-29 21:30:00+00:00,1756503000,Weekend Close,3440.31,"[np.float64(3449.73), np.float64(3494.76), None, None, None]",117.8,4409.64,1.1,26392.87,[1],4.41
63,long,3471.13,2025-09-01 11:25:00+00:00,1756725900,3494.72,2025-09-02 02:50:00+00:00,1756781400,SL,3494.87,"[np.float64(3509.2), np.float64(3555.07), None, None, None]",115.68,2728.81,0.68,29121.68,[],2.73
64,long,3536.39,2025-09-03 07:30:00+00:00,1756884600,3535.33,2025-09-03 10:50:00+00:00,1756896600,Signal,3524.26,"[np.float64(3590.15), np.float64(3654.83), None, None, None]",82.45,-87.4,-0.03,29034.29,[],-0.09
65,short,3535.33,2025-09-03 10:50:00+00:00,1756896600,3542.12,2025-09-03 12:00:00+00:00,1756900800,SL,3541.97,"[np.float64(3506.29), np.float64(3471.25), None, None, None]",150.66,-1022.62,-0.19,28011.66,[],-1.02
66,short,3534.15,2025-09-04 07:20:00+00:00,1756970400,3540.62,2025-09-04 07:30:00+00:00,1756971000,SL,3540.47,"[np.float64(3506.55), np.float64(3473.25), None, None, None]",158.31,-1023.73,-0.18,26987.93,[],-1.02
67,short,3538.94,2025-09-04 09:45:00+00:00,1756979100,3548.46,2025-09-04 12:50:00+00:00,1756990200,SL,3548.31,"[np.float64(3497.6), np.float64(3447.81), None, None, None]",106.72,-1015.97,-0.27,25971.96,[],-1.02
68,long,3643.97,2025-09-10 13:50:00+00:00,1757512200,3637.51,2025-09-10 20:30:00+00:00,1757536200,SL,3637.66,"[np.float64(3692.75), np.float64(3751.46), None, None, None]",90.72,-585.75,-0.18,25386.21,[],-0.59
69,short,3683.39,2025-09-17 06:10:00+00:00,1758089400,3670.46,2025-09-17 10:20:00+00:00,1758104400,SL,3670.31,"[np.float64(3662.2), np.float64(3636.6), None, None, None]",204.43,2643.97,0.35,28030.18,[],2.64
70,long,3778.78,2025-09-23 14:50:00+00:00,1758639000,3766.56,2025-09-23 17:35:00+00:00,1758648900,SL,3766.71,"[np.float64(3832.26), np.float64(3896.63), None, None, None]",82.86,-1012.44,-0.32,27017.74,[],-1.01
71,long,3772.38,2025-09-23 17:35:00+00:00,1758648900,3761.49,2025-09-23 19:55:00+00:00,1758657300,SL,3761.64,"[np.float64(3839.08), np.float64(3919.31), None, None, None]",66.64,-725.71,-0.29,26292.03,[],-0.73
72,long,3767.98,2025-09-24 10:40:00+00:00,1758710400,3758.44,2025-09-24 15:05:00+00:00,1758726300,SL,3758.59,"[np.float64(3809.41), np.float64(3859.31), None, None, None]",106.49,-1015.99,-0.25,25276.03,[],-1.02
73,long,3863.95,2025-10-01 06:05:00+00:00,1759298700,3871.97,2025-10-01 13:40:00+00:00,1759326000,SL,3872.12,"[np.float64(3928.68), np.float64(4006.54), None, None, None]",68.64,550.53,0.21,25826.56,[],0.55
74,long,3873.18,2025-10-01 15:55:00+00:00,1759334100,3863.78,2025-10-02 15:20:00+00:00,1759418400,SL,3863.93,"[np.float64(3965.02), np.float64(4075.41), None, None, None]",48.56,-456.4,-0.24,25370.17,[],-0.46
75,long,3862.22,2025-10-03 12:55:00+00:00,1759496100,3880.68,2025-10-03 14:30:00+00:00,1759501800,News Embargo,3866.72,"[np.float64(3911.45), np.float64(3970.7), None, None, None]",89.91,1659.74,0.48,27029.91,[],1.66
76,long,3935.8,2025-10-06 12:50:00+00:00,1759755000,3950.22,2025-10-06 17:10:00+00:00,1759770600,SL,3950.37,"[np.float64(3989.88), np.float64(4054.97), None, None, None]",81.95,1181.43,0.37,28211.34,[],1.18
77,long,4038.26,2025-10-08 14:55:00+00:00,1759935300,4049.49,2025-10-08 18:45:00+00:00,1759949100,News Embargo,4031.4,"[np.float64(4115.8), np.float64(4209.03), None, None, None]",57.42,644.83,0.28,28856.16,[],0.64
78,long,4036.04,2025-10-09 12:25:00+00:00,1760012700,4044.88,2025-10-09 14:35:00+00:00,1760020500,SL,4045.03,"[np.float64(4071.64), np.float64(4114.55), None, None, None]",123.53,1091.74,0.22,29947.91,[],1.09
79,long,4109.32,2025-10-23 13:25:00+00:00,1761225900,4121.43,2025-10-23 20:35:00+00:00,1761251700,SL,4121.58,"[np.float64(4201.58), np.float64(4312.47), None, None, None]",48.34,585.56,0.29,30533.47,[],0.59
80,short,4074.87,2025-10-27 08:00:00+00:00,1761552000,4049.93,2025-10-27 10:00:00+00:00,1761559200,SL,4049.78,"[np.float64(4004.82), np.float64(3920.57), None, None, None]",63.49,1583.33,0.61,32116.8,[],1.58
81,short,3929.67,2025-10-28 14:20:00+00:00,1761661200,3942.38,2025-10-28 15:00:00+00:00,1761663600,SL,3942.23,"[np.float64(3854.04), np.float64(3763.1), None, None, None]",58.86,-747.83,-0.32,31368.97,[],-0.75
82,long,4017.13,2025-10-29 14:15:00+00:00,1761747300,4001.09,2025-10-29 16:45:00+00:00,1761756300,SL,4001.24,"[np.float64(4087.82), np.float64(4172.83), None, None, None]",62.92,-1009.38,-0.4,30359.59,[],-1.01
83,long,3974.62,2025-10-30 14:00:00+00:00,1761832800,3998.25,2025-10-31 04:10:00+00:00,1761883800,SL,3998.4,"[np.float64(4108.8), np.float64(4270.0), None, None, None]",33.33,787.49,0.59,31147.08,[],0.79
84,long,4004.92,2025-11-03 11:20:00+00:00,1762168800,4011.1,2025-11-03 15:30:00+00:00,1762183800,News Embargo,3998.64,"[np.float64(4094.65), np.float64(4202.51), None, None, None]",49.69,307.08,0.15,31454.16,[],0.31
85,long,3990.69,2025-11-04 12:40:00+00:00,1762260000,3978.77,2025-11-04 13:35:00+00:00,1762263300,SL,3978.92,"[np.float64(4042.83), np.float64(4105.58), None, None, None]",84.96,-1012.72,-0.3,30441.44,[],-1.01
86,long,3967.83,2025-11-05 10:45:00+00:00,1762339500,3966.3,2025-11-05 15:00:00+00:00,1762354800,SL,3966.45,"[np.float64(4020.53), np.float64(4083.95), None, None, None]",84.07,-128.79,-0.04,30312.66,[],-0.13
87,long,4013.36,2025-11-06 13:30:00+00:00,1762435800,3997.25,2025-11-06 14:20:00+00:00,1762438800,SL,3997.4,"[np.float64(4084.36), np.float64(4169.74), None, None, None]",62.65,-1009.36,-0.4,29303.29,[],-1.01
88,long,3999.51,2025-11-07 16:10:00+00:00,1762531800,3999.42,2025-11-07 17:05:00+00:00,1762535100,SL,3999.57,"[np.float64(4078.07), np.float64(4172.52), None, None, None]",56.69,-4.84,-0.0,29298.45,[],-0.0
89,long,4140.06,2025-11-11 12:20:00+00:00,1762863600,4131.9,2025-11-11 14:20:00+00:00,1762870800,SL,4132.05,"[np.float64(4180.28), np.float64(4228.71), None, None, None]",109.65,-894.97,-0.2,28403.48,[],-0.89
90,long,4225.29,2025-11-13 10:55:00+00:00,1763031300,4225.26,2025-11-13 13:30:00+00:00,1763040600,SL,4225.41,"[np.float64(4280.86), np.float64(4347.73), None, None, None]",79.79,-2.61,-0.0,28400.87,[],-0.0
91,short,4078.44,2025-11-17 13:20:00+00:00,1763385600,4043.65,2025-11-17 20:55:00+00:00,1763412900,SL,4043.5,"[np.float64(3976.6), np.float64(3854.21), None, None, None]",43.83,1524.68,0.85,29925.55,[],1.52
92,short,4070.16,2025-11-20 15:55:00+00:00,1763654100,4055.95,2025-11-21 12:30:00+00:00,1763728200,Signal,4077.62,"[np.float64(3918.47), np.float64(3736.26), None, None, None]",29.5,419.19,0.35,30344.74,[],0.42
93,long,4055.95,2025-11-21 12:30:00+00:00,1763728200,4062.17,2025-11-21 21:30:00+00:00,1763760600,Weekend Close,4042.43,"[np.float64(4220.73), np.float64(4418.65), None, None, None]",27.17,169.0,0.15,30513.74,[],0.17
94,short,4140.76,2025-11-25 06:25:00+00:00,1764051900,4133.96,2025-11-25 10:00:00+00:00,1764064800,SL,4133.81,"[np.float64(4071.57), np.float64(3988.36), None, None, None]",64.27,436.77,0.16,30950.51,[],0.44
95,short,4212.69,2025-12-02 06:20:00+00:00,1764656400,4213.87,2025-12-02 13:00:00+00:00,1764680400,SL,4213.72,"[np.float64(4121.22), np.float64(4011.28), None, None, None]",48.76,-57.29,-0.03,30893.21,[],-0.06
96,short,4195.74,2025-12-04 12:00:00+00:00,1764849600,4200.86,2025-12-04 14:05:00+00:00,1764857100,SL,4200.71,"[np.float64(4153.73), np.float64(4103.14), None, None, None]",105.05,-537.9,-0.12,30355.32,[],-0.54
97,short,4194.15,2025-12-04 15:00:00+00:00,1764860400,4219.2,2025-12-04 16:15:00+00:00,1764864900,SL,4219.05,"[np.float64(4082.93), np.float64(3949.29), None, None, None]",40.16,-1005.95,-0.6,29349.37,[],-1.01
98,long,4210.41,2025-12-08 08:45:00+00:00,1765183500,4204.12,2025-12-08 13:20:00+00:00,1765200000,Signal,4197.94,"[np.float64(4265.69), np.float64(4332.21), None, None, None]",80.2,-504.46,-0.15,28844.91,[],-0.5
99,short,4204.12,2025-12-08 13:20:00+00:00,1765200000,4195.76,2025-12-09 09:00:00+00:00,1765270800,SL,4195.61,"[np.float64(4133.54), np.float64(4048.66), None, None, None]",63.02,526.87,0.2,29371.78,[],0.53
100,short,4193.84,2025-12-09 15:05:00+00:00,1765292700,4219.26,2025-12-09 16:10:00+00:00,1765296600,SL,4219.11,"[np.float64(4080.96), np.float64(3945.33), None, None, None]",39.58,-1006.01,-0.61,28365.78,[],-1.01
101,short,4200.65,2025-12-10 13:55:00+00:00,1765374900,4204.89,2025-12-10 16:50:00+00:00,1765385400,SL,4204.74,"[np.float64(4157.44), np.float64(4105.4), None, None, None]",102.19,-433.05,-0.1,27932.72,[],-0.43
102,long,4222.36,2025-12-11 13:45:00+00:00,1765460700,4318.89,2025-12-12 15:20:00+00:00,1765552800,Trail_SL,4319.04,"[np.float64(4318.83), np.float64(4434.78), None, None, None]",46.25,4459.59,2.28,32392.32,[1],4.46
103,short,4320.61,2025-12-17 12:20:00+00:00,1765974000,4328.89,2025-12-17 13:15:00+00:00,1765977300,SL,4328.74,"[np.float64(4283.39), np.float64(4238.54), None, None, None]",118.27,-979.03,-0.19,31413.29,[],-0.98
104,short,4324.7,2025-12-17 16:15:00+00:00,1765988100,4336.78,2025-12-18 14:15:00+00:00,1766067300,News Embargo,4361.63,"[np.float64(4159.33), np.float64(3960.71), None, None, None]",27.08,-327.13,-0.28,31086.16,[],-0.33
105,short,4322.57,2025-12-19 07:55:00+00:00,1766130900,4325.3,2025-12-19 12:15:00+00:00,1766146500,Signal,4334.49,"[np.float64(4269.77), np.float64(4206.24), None, None, None]",83.92,-229.1,-0.06,30857.06,[],-0.23
106,long,4325.3,2025-12-19 12:15:00+00:00,1766146500,4324.38,2025-12-19 14:45:00+00:00,1766155500,SL,4324.53,"[np.float64(4361.86), np.float64(4405.9), None, None, None]",120.38,-110.87,-0.02,30746.19,[],-0.11
107,long,4327.37,2025-12-19 14:45:00+00:00,1766155500,4337.72,2025-12-19 21:30:00+00:00,1766179800,Weekend Close,4328.04,"[np.float64(4406.75), np.float64(4502.18), None, None, None]",56.11,580.74,0.24,31326.93,[],0.58
108,long,4407.3,2025-12-22 12:10:00+00:00,1766405400,4417.69,2025-12-22 13:20:00+00:00,1766409600,SL,4417.84,"[np.float64(4433.84), np.float64(4465.87), None, None, None]",164.43,1708.29,0.24,33035.22,[],1.71
109,short,4478.88,2025-12-23 13:50:00+00:00,1766497800,4470.83,2025-12-23 16:45:00+00:00,1766508300,SL,4470.68,"[np.float64(4367.64), np.float64(4233.96), None, None, None]",40.15,323.34,0.18,33358.56,[],0.32
110,long,4511.03,2025-12-26 12:10:00+00:00,1766751000,4514.77,2025-12-26 14:45:00+00:00,1766760300,SL,4514.92,"[np.float64(4561.89), np.float64(4623.11), None, None, None]",87.06,325.77,0.08,33684.32,[],0.33
111,long,4370.51,2025-12-30 16:50:00+00:00,1767113400,4342.94,2025-12-30 19:50:00+00:00,1767124200,SL,4343.09,"[np.float64(4493.06), np.float64(4640.29), None, None, None]",36.48,-1005.59,-0.63,32678.73,[],-1.01
112,short,4331.97,2025-12-31 15:05:00+00:00,1767193500,4354.74,2026-01-02 00:55:00+00:00,1767315300,SL,4354.59,"[np.float64(4231.0), np.float64(4109.66), None, None, None]",44.21,-1006.67,-0.53,31672.06,[],-1.01
113,long,4414.24,2026-01-05 13:45:00+00:00,1767620700,4447.21,2026-01-05 15:45:00+00:00,1767627900,News Embargo,4432.19,"[np.float64(4479.67), np.float64(4558.36), None, None, None]",67.92,2239.32,0.75,33911.38,[],2.24
114,long,4458.15,2026-01-06 09:10:00+00:00,1767690600,4445.09,2026-01-06 09:50:00+00:00,1767693000,SL,4445.24,"[np.float64(4515.4), np.float64(4584.29), None, None, None]",77.48,-1011.63,-0.29,32899.76,[],-1.01
115,short,4423.65,2026-01-08 13:55:00+00:00,1767880500,4446.63,2026-01-08 15:10:00+00:00,1767885000,SL,4446.48,"[np.float64(4321.72), np.float64(4199.23), None, None, None]",43.79,-1006.48,-0.52,31893.28,[],-1.01
116,short,4467.59,2026-01-09 12:25:00+00:00,1767961500,4483.75,2026-01-09 13:30:00+00:00,1767965400,SL,4483.6,"[np.float64(4396.38), np.float64(4310.75), None, None, None]",62.47,-1009.38,-0.36,30883.9,[],-1.01
117,long,4487.17,2026-01-09 13:30:00+00:00,1767965400,4489.68,2026-01-09 14:15:00+00:00,1767968100,News Embargo,4447.38,"[np.float64(4665.38), np.float64(4879.41), None, None, None]",25.14,63.1,0.06,30947.0,[],0.06
118,long,4587.46,2026-01-12 11:30:00+00:00,1768217400,4603.54,2026-01-12 14:00:00+00:00,1768226400,SL,4603.69,"[np.float64(4633.67), np.float64(4689.3), None, None, None]",95.68,1538.28,0.35,32485.28,[],1.54
119,short,4588.67,2026-01-13 06:05:00+00:00,1768284300,4590.11,2026-01-13 12:45:00+00:00,1768308300,Signal,4603.06,"[np.float64(4504.27), np.float64(4402.82), None, None, None]",52.8,-76.03,-0.03,32409.25,[],-0.08
120,long,4590.11,2026-01-13 12:45:00+00:00,1768308300,4618.67,2026-01-13 14:15:00+00:00,1768313700,News Embargo,4595.47,"[np.float64(4661.41), np.float64(4747.15), None, None, None]",62.39,1781.86,0.62,34191.11,[],1.78
121,long,4629.21,2026-01-14 11:50:00+00:00,1768391400,4625.43,2026-01-14 13:30:00+00:00,1768397400,SL,4625.58,"[np.float64(4674.66), np.float64(4729.37), None, None, None]",97.26,-367.79,-0.08,33823.31,[],-0.37
122,long,4630.31,2026-01-14 13:30:00+00:00,1768397400,4634.21,2026-01-14 14:15:00+00:00,1768400100,News Embargo,4615.47,"[np.float64(4696.25), np.float64(4775.56), None, None, None]",67.4,262.86,0.08,34086.17,[],0.26
123,short,4601.68,2026-01-16 15:15:00+00:00,1768576500,4584.88,2026-01-16 16:05:00+00:00,1768579500,SL,4584.73,"[np.float64(4469.9), np.float64(4311.58), None, None, None]",33.94,570.24,0.37,34656.42,[],0.57
124,long,4667.0,2026-01-19 11:25:00+00:00,1768821900,4662.29,2026-01-20 00:25:00+00:00,1768868700,SL,4662.44,"[np.float64(4716.49), np.float64(4776.05), None, None, None]",89.44,-421.15,-0.1,34235.27,[],-0.42
125,long,4724.16,2026-01-20 13:30:00+00:00,1768915800,4859.48,2026-01-21 06:40:00+00:00,1768977600,Trail_SL,4859.63,"[np.float64(4803.99), np.float64(4899.96), None, None, None]",55.79,5997.2,2.28,40232.46,[1],6.0
126,long,4864.6,2026-01-21 14:05:00+00:00,1769004300,4827.72,2026-01-21 15:20:00+00:00,1769008800,SL,4827.87,"[np.float64(5029.06), np.float64(5226.59), None, None, None]",27.23,-1004.24,-0.76,39228.23,[],-1.0
127,long,4823.97,2026-01-22 14:15:00+00:00,1769091300,4934.05,2026-01-23 08:20:00+00:00,1769156400,Trail_SL,4934.2,"[np.float64(4916.93), np.float64(5028.66), None, None, None]",47.98,4867.15,2.1,44095.38,[1],4.87
128,short,4931.03,2026-01-23 13:25:00+00:00,1769174700,4946.19,2026-01-23 14:10:00+00:00,1769177400,SL,4946.04,"[np.float64(4864.3), np.float64(4784.05), None, None, None]",66.61,-1009.93,-0.31,43085.45,[],-1.01
129,short,4940.22,2026-01-23 14:20:00+00:00,1769178000,4960.22,2026-01-23 15:40:00+00:00,1769182800,SL,4960.07,"[np.float64(4851.74), np.float64(4745.39), None, None, None]",50.39,-1007.55,-0.4,42077.9,[],-1.01
130,long,5078.85,2026-01-26 12:55:00+00:00,1769432100,5066.49,2026-01-26 13:00:00+00:00,1769432400,SL,5066.64,"[np.float64(5132.96), np.float64(5198.07), None, None, None]",81.91,-1012.24,-0.24,41065.66,[],-1.01
131,long,5085.05,2026-01-26 14:30:00+00:00,1769437800,5063.48,2026-01-26 18:40:00+00:00,1769452800,SL,5063.63,"[np.float64(5200.77), np.float64(5339.81), None, None, None]",38.61,-832.72,-0.42,40232.95,[],-0.83
132,long,5076.82,2026-01-27 11:55:00+00:00,1769514900,5067.06,2026-01-27 14:05:00+00:00,1769522700,SL,5067.21,"[np.float64(5148.23), np.float64(5234.1), None, None, None]",62.3,-608.2,-0.19,39624.75,[],-0.61
133,long,5075.31,2026-01-27 15:20:00+00:00,1769527200,5260.33,2026-01-28 11:00:00+00:00,1769598000,Trail_SL,5260.48,"[np.float64(5218.14), np.float64(5389.73), None, None, None]",31.32,5131.87,3.23,44756.62,[1],5.13
134,long,5256.95,2026-01-28 15:10:00+00:00,1769613000,5310.65,2026-01-28 19:45:00+00:00,1769629500,News Embargo,5249.88,"[np.float64(5470.4), np.float64(5726.72), None, None, None]",21.0,1127.7,1.02,45884.32,[],1.13
135,short,5520.12,2026-01-29 14:30:00+00:00,1769697000,5199.52,2026-01-29 15:30:00+00:00,1769700600,Trail_SL,5199.37,"[np.float64(5280.04), np.float64(4991.77), None, None, None]",18.68,5235.3,5.08,51119.61,[1],5.24
136,long,4703.37,2026-02-02 15:35:00+00:00,1770046500,4675.58,2026-02-02 15:45:00+00:00,1770047100,News Embargo,4603.66,"[np.float64(5151.25), np.float64(5688.9), None, None, None]",10.03,-278.73,-0.59,50840.88,[],-0.28
137,long,4696.92,2026-02-02 16:20:00+00:00,1770049200,5036.94,2026-02-04 14:05:00+00:00,1770213900,Signal,4941.65,"[np.float64(5119.28), np.float64(5626.28), None, None, None]",10.63,3614.41,7.24,54455.29,[],3.61
138,short,5036.94,2026-02-04 14:05:00+00:00,1770213900,4944.39,2026-02-04 15:45:00+00:00,1770219900,News Embargo,4968.8,"[np.float64(4808.72), np.float64(4534.68), None, None, None]",19.65,1818.61,1.84,56273.9,[],1.82
139,short,4890.45,2026-02-05 06:00:00+00:00,1770271200,4938.27,2026-02-05 07:25:00+00:00,1770276300,SL,4938.12,"[np.float64(4676.77), np.float64(4420.18), None, None, None]",20.98,-1003.2,-0.98,55270.7,[],-1.0
140,short,4883.82,2026-02-05 09:00:00+00:00,1770282000,4898.07,2026-02-05 16:50:00+00:00,1770310200,SL,4897.92,"[np.float64(4610.1), np.float64(4281.45), None, None, None]",16.39,-233.5,-0.29,55037.2,[],-0.23
141,short,4868.92,2026-02-05 17:55:00+00:00,1770314100,4726.25,2026-02-06 00:25:00+00:00,1770337500,Trail_SL,4726.1,"[np.float64(4670.42), np.float64(4432.03), None, None, None]",22.58,3850.12,3.5,58887.33,[1],3.85
142,short,5012.9,2026-02-09 07:10:00+00:00,1770621000,5064.16,2026-02-09 16:00:00+00:00,1770652800,SL,5064.01,"[np.float64(4782.99), np.float64(4506.91), None, None, None]",19.5,-999.57,-1.02,57887.76,[],-1.0
143,long,5068.52,2026-02-11 13:45:00+00:00,1770817500,5074.34,2026-02-11 14:15:00+00:00,1770819300,News Embargo,5015.7,"[np.float64(5305.38), np.float64(5589.8), None, None, None]",18.93,110.17,0.11,57997.93,[],0.11
144,long,5065.05,2026-02-11 15:00:00+00:00,1770822000,5063.21,2026-02-12 10:15:00+00:00,1770891300,Signal,4994.03,"[np.float64(5383.82), np.float64(5766.51), None, None, None]",14.08,-25.91,-0.04,57972.03,[],-0.03
145,short,5063.21,2026-02-12 10:15:00+00:00,1770891300,5069.98,2026-02-12 13:15:00+00:00,1770902100,Signal,5088.27,"[np.float64(4951.26), np.float64(4816.75), None, None, None]",39.9,-270.12,-0.13,57701.9,[],-0.27
146,long,5069.98,2026-02-12 13:15:00+00:00,1770902100,5045.58,2026-02-12 14:55:00+00:00,1770908100,SL,5045.73,"[np.float64(5178.26), np.float64(5308.38), None, None, None]",41.24,-1006.09,-0.48,56695.81,[],-1.01
147,long,5069.71,2026-02-12 15:30:00+00:00,1770910200,5032.36,2026-02-12 16:10:00+00:00,1770912600,SL,5032.51,"[np.float64(5236.28), np.float64(5436.34), None, None, None]",26.88,-1003.92,-0.74,55691.89,[],-1.0
148,short,4926.78,2026-02-17 09:50:00+00:00,1771321800,4937.01,2026-02-17 12:05:00+00:00,1771329900,SL,4936.86,"[np.float64(4844.77), np.float64(4746.19), None, None, None]",54.33,-555.85,-0.21,55136.04,[],-0.56
149,short,4930.9,2026-02-17 12:55:00+00:00,1771332900,4873.25,2026-02-17 14:05:00+00:00,1771337100,Trail_SL,4873.1,"[np.float64(4843.35), np.float64(4738.11), None, None, None]",50.92,3692.88,1.47,58828.92,[1],3.69
150,long,4914.22,2026-02-18 10:35:00+00:00,1771410900,4988.21,2026-02-18 18:25:00+00:00,1771439100,Trail_SL,4988.36,"[np.float64(4977.42), np.float64(5053.44), None, None, None]",70.28,4815.83,1.39,63644.75,[1],4.82
151,short,4984.41,2026-02-19 14:00:00+00:00,1771509600,5004.05,2026-02-19 14:50:00+00:00,1771512600,SL,5003.9,"[np.float64(4871.41), np.float64(4735.63), None, None, None]",39.53,-776.4,-0.39,62868.35,[],-0.78
152,long,5022.98,2026-02-20 11:45:00+00:00,1771587900,5033.23,2026-02-20 15:00:00+00:00,1771599600,SL,5033.38,"[np.float64(5098.76), np.float64(5189.87), None, None, None]",58.74,602.28,0.2,63470.63,[],0.6
153,long,5021.34,2026-02-20 15:05:00+00:00,1771599900,5098.34,2026-02-20 21:30:00+00:00,1771623000,Weekend Close,5008.18,"[np.float64(5276.04), np.float64(5581.86), None, None, None]",17.61,1355.97,1.53,64826.6,[],1.36
154,short,5148.88,2026-02-23 11:15:00+00:00,1771845300,5172.57,2026-02-23 14:30:00+00:00,1771857000,SL,5172.42,"[np.float64(5043.77), np.float64(4917.46), None, None, None]",42.48,-1006.39,-0.46,63820.21,[],-1.01
155,long,5183.04,2026-02-26 15:45:00+00:00,1772120700,5225.97,2026-02-27 14:15:00+00:00,1772201700,News Embargo,5163.42,"[np.float64(5398.65), np.float64(5657.55), None, None, None]",20.79,892.51,0.83,64712.72,[],0.89
156,long,5381.18,2026-03-02 11:45:00+00:00,1772451900,5383.2,2026-03-02 14:00:00+00:00,1772460000,SL,5383.35,"[np.float64(5473.86), np.float64(5585.25), None, None, None]",48.13,96.99,0.04,64809.71,[],0.1
157,long,5159.91,2026-03-04 06:55:00+00:00,1772607300,5142.44,2026-03-04 14:55:00+00:00,1772636100,SL,5142.59,"[np.float64(5336.67), np.float64(5548.96), None, None, None]",25.34,-442.71,-0.34,64367.0,[],-0.44
158,long,5095.93,2026-03-09 09:30:00+00:00,1773048600,5091.0,2026-03-09 11:30:00+00:00,1773055800,SL,5091.15,"[np.float64(5211.55), np.float64(5350.47), None, None, None]",38.65,-190.63,-0.1,64176.37,[],-0.19
159,long,5092.42,2026-03-09 12:50:00+00:00,1773060600,5074.59,2026-03-09 14:40:00+00:00,1773067200,SL,5074.74,"[np.float64(5197.97), np.float64(5324.82), None, None, None]",42.3,-754.36,-0.35,63422.01,[],-0.75
160,long,5094.28,2026-03-09 15:35:00+00:00,1773070500,5177.42,2026-03-10 19:15:00+00:00,1773170100,SL,5177.57,"[np.float64(5263.79), np.float64(5467.39), None, None, None]",26.42,2196.69,1.63,65618.7,[],2.2
161,long,5209.47,2026-03-11 07:10:00+00:00,1773213000,5189.93,2026-03-11 08:30:00+00:00,1773217800,SL,5190.08,"[np.float64(5295.92), np.float64(5399.84), None, None, None]",51.56,-1007.7,-0.38,64611.0,[],-1.01
162,long,5153.63,2026-03-12 06:40:00+00:00,1773297600,5163.79,2026-03-12 13:20:00+00:00,1773321600,SL,5163.94,"[np.float64(5230.73), np.float64(5323.42), None, None, None]",57.75,587.0,0.2,65198.0,[],0.59
163,long,5181.41,2026-03-12 13:45:00+00:00,1773323100,5163.4,2026-03-12 14:20:00+00:00,1773325200,SL,5163.55,"[np.float64(5260.95), np.float64(5356.58), None, None, None]",55.99,-1008.34,-0.35,64189.65,[],-1.01
164,long,5171.97,2026-03-12 14:20:00+00:00,1773325200,5147.96,2026-03-12 14:50:00+00:00,1773327000,SL,5148.11,"[np.float64(5278.52), np.float64(5406.56), None, None, None]",41.91,-1006.29,-0.46,63183.37,[],-1.01
165,short,5096.11,2026-03-13 11:50:00+00:00,1773402600,5108.27,2026-03-13 13:00:00+00:00,1773406800,SL,5108.12,"[np.float64(5035.33), np.float64(4962.22), None, None, None]",73.05,-888.47,-0.24,62294.9,[],-0.89
166,short,5012.2,2026-03-17 14:50:00+00:00,1773759000,4908.36,2026-03-18 13:15:00+00:00,1773839700,News Embargo,4954.5,"[np.float64(4872.97), np.float64(4705.72), None, None, None]",32.13,3336.38,2.07,65631.28,[],3.34
167,long,4409.33,2026-03-24 12:00:00+00:00,1774353600,4508.97,2026-03-25 20:05:00+00:00,1774469100,SL,4509.12,"[np.float64(4671.57), np.float64(4986.44), None, None, None]",17.11,1704.78,2.26,67336.05,[],1.7
168,short,4452.27,2026-03-26 14:45:00+00:00,1774536300,4401.58,2026-03-26 21:10:00+00:00,1774559400,SL,4401.43,"[np.float64(4312.0), np.float64(4143.49), None, None, None]",31.89,1616.56,1.14,68952.61,[],1.62
169,long,4530.39,2026-03-30 16:15:00+00:00,1774887300,4515.8,2026-03-30 18:30:00+00:00,1774895400,SL,4515.95,"[np.float64(4644.14), np.float64(4780.82), None, None, None]",39.28,-573.0,-0.32,68379.61,[],-0.57
170,long,4558.09,2026-03-31 06:15:00+00:00,1774937700,4544.24,2026-03-31 08:15:00+00:00,1774944900,SL,4544.39,"[np.float64(4662.74), np.float64(4788.5), None, None, None]",42.66,-590.94,-0.3,67788.67,[],-0.59
171,long,4559.76,2026-03-31 08:40:00+00:00,1774946400,4533.16,2026-03-31 11:35:00+00:00,1774956900,SL,4533.31,"[np.float64(4677.96), np.float64(4819.98), None, None, None]",37.81,-1005.76,-0.58,66782.91,[],-1.01
172,long,4567.02,2026-03-31 12:15:00+00:00,1774959300,4735.95,2026-04-01 14:30:00+00:00,1775053800,News Embargo,4696.38,"[np.float64(4754.17), np.float64(4978.93), None, None, None]",23.94,4260.5,3.9,71043.42,[1],4.26
173,long,4666.47,2026-04-06 16:15:00+00:00,1775492100,4635.09,2026-04-07 02:00:00+00:00,1775527200,SL,4635.24,"[np.float64(4806.2), np.float64(4974.05), None, None, None]",32.02,-1004.9,-0.67,70038.52,[],-1.0
174,long,4725.37,2026-04-09 08:05:00+00:00,1775721900,4715.79,2026-04-09 08:15:00+00:00,1775722500,Signal,4691.16,"[np.float64(4878.49), np.float64(5062.41), None, None, None]",29.23,-280.02,-0.2,69758.5,[],-0.28
175,short,4715.79,2026-04-09 08:15:00+00:00,1775722500,4718.96,2026-04-09 08:30:00+00:00,1775723400,Signal,4741.29,"[np.float64(4601.86), np.float64(4464.96), None, None, None]",39.21,-124.3,-0.07,69634.2,[],-0.12
176,long,4718.96,2026-04-09 08:30:00+00:00,1775723400,4754.11,2026-04-10 01:00:00+00:00,1775782800,SL,4754.26,"[np.float64(4850.37), np.float64(5008.24), None, None, None]",34.03,1196.28,0.74,70830.48,[],1.2
177,long,4759.46,2026-04-10 10:15:00+00:00,1775816100,4766.64,2026-04-10 13:15:00+00:00,1775826900,News Embargo,4728.72,"[np.float64(4896.98), np.float64(5062.19), None, None, None]",32.53,233.57,0.15,71064.05,[],0.23
178,long,4712.63,2026-04-13 11:25:00+00:00,1776079500,4706.33,2026-04-13 12:40:00+00:00,1776084000,SL,4706.48,"[np.float64(4775.45), np.float64(4851.01), None, None, None]",70.7,-445.37,-0.13,70618.68,[],-0.45
179,long,4715.78,2026-04-13 13:40:00+00:00,1776087600,4713.48,2026-04-13 15:20:00+00:00,1776093600,SL,4713.63,"[np.float64(4802.53), np.float64(4906.81), None, None, None]",51.38,-118.06,-0.05,70500.62,[],-0.12
180,long,4715.26,2026-04-13 16:45:00+00:00,1776098700,4769.61,2026-04-14 13:15:00+00:00,1776172500,News Embargo,4752.94,"[np.float64(4836.46), np.float64(4982.09), None, None, None]",36.88,2004.43,1.15,72505.05,[],2.0
181,short,4818.77,2026-04-15 14:30:00+00:00,1776263400,4808.03,2026-04-15 17:05:00+00:00,1776272700,SL,4807.88,"[np.float64(4759.82), np.float64(4688.9), None, None, None]",75.28,808.22,0.22,73313.26,[],0.81
182,short,4816.08,2026-04-16 14:40:00+00:00,1776350400,4802.4,2026-04-16 16:05:00+00:00,1776355500,SL,4802.25,"[np.float64(4734.17), np.float64(4635.69), None, None, None]",54.39,744.14,0.28,74057.41,[],0.74
183,long,4790.16,2026-04-20 06:00:00+00:00,1776664800,4787.98,2026-04-20 08:55:00+00:00,1776675300,SL,4788.13,"[np.float64(4838.8), np.float64(4897.35), None, None, None]",90.98,-198.09,-0.05,73859.32,[],-0.2
184,short,4786.71,2026-04-21 13:30:00+00:00,1776778200,4790.74,2026-04-21 14:40:00+00:00,1776782400,SL,4790.59,"[np.float64(4706.95), np.float64(4611.05), None, None, None]",55.84,-225.25,-0.08,73634.07,[],-0.23
185,long,4757.29,2026-04-22 11:45:00+00:00,1776858300,4743.6,2026-04-22 13:45:00+00:00,1776865500,SL,4743.75,"[np.float64(4817.4), np.float64(4889.72), None, None, None]",73.85,-1011.13,-0.29,72622.93,[],-1.01
186,long,4755.36,2026-04-22 14:40:00+00:00,1776868800,4733.26,2026-04-22 15:30:00+00:00,1776871800,SL,4733.41,"[np.float64(4853.3), np.float64(4971.01), None, None, None]",45.56,-1006.8,-0.46,71616.14,[],-1.01
187,long,4717.44,2026-04-23 16:50:00+00:00,1776963000,4716.71,2026-04-23 18:05:00+00:00,1776967500,SL,4716.86,"[np.float64(4773.37), np.float64(4840.66), None, None, None]",79.29,-57.77,-0.02,71558.37,[],-0.06
188,short,4683.14,2026-04-24 10:25:00+00:00,1777026300,4697.2,2026-04-24 12:05:00+00:00,1777032300,SL,4697.05,"[np.float64(4620.93), np.float64(4546.09), None, None, None]",71.38,-1003.89,-0.3,70554.48,[],-1.0
189,long,4709.64,2026-04-27 09:30:00+00:00,1777282200,4699.89,2026-04-27 10:30:00+00:00,1777285800,SL,4700.04,"[np.float64(4751.99), np.float64(4803.0), None, None, None]",104.22,-1015.63,-0.21,69538.85,[],-1.02
190,short,4696.07,2026-04-27 14:00:00+00:00,1777298400,4593.43,2026-04-28 13:20:00+00:00,1777382400,Trail_SL,4593.28,"[np.float64(4588.94), np.float64(4460.2), None, None, None]",41.68,4368.41,2.23,73907.26,[1],4.37
191,short,4595.14,2026-04-29 06:30:00+00:00,1777444200,4576.31,2026-04-29 11:30:00+00:00,1777462200,SL,4576.16,"[np.float64(4524.65), np.float64(4439.88), None, None, None]",63.1,1188.42,0.41,75095.68,[],1.19
192,long,4611.03,2026-04-30 17:20:00+00:00,1777569600,4610.6,2026-05-01 05:45:00+00:00,1777614300,SL,4610.75,"[np.float64(4681.59), np.float64(4766.44), None, None, None]",63.04,-27.17,-0.01,75068.51,[],-0.03
193,short,4576.77,2026-05-04 15:20:00+00:00,1777908000,4535.29,2026-05-05 02:05:00+00:00,1777946700,SL,4535.14,"[np.float64(4480.52), np.float64(4364.83), None, None, None]",46.35,1922.76,0.91,76991.26,[],1.92
194,long,4703.33,2026-05-07 06:30:00+00:00,1778135400,4727.54,2026-05-07 10:00:00+00:00,1778148000,SL,4727.69,"[np.float64(4775.28), np.float64(4861.81), None, None, None]",61.83,1497.07,0.51,78488.33,[],1.5
195,short,4715.05,2026-05-08 08:10:00+00:00,1778227800,4704.13,2026-05-08 13:15:00+00:00,1778246100,News Embargo,4740.61,"[np.float64(4594.22), np.float64(4449.04), None, None, None]",36.99,403.93,0.23,78892.27,[],0.4
196,long,4717.63,2026-05-08 17:25:00+00:00,1778261100,4717.21,2026-05-08 21:30:00+00:00,1778275800,Weekend Close,4690.69,"[np.float64(4838.03), np.float64(4982.68), None, None, None]",37.12,-15.59,-0.01,78876.67,[],-0.02
197,short,4704.67,2026-05-12 11:10:00+00:00,1778584200,4706.06,2026-05-12 12:40:00+00:00,1778589600,SL,4705.91,"[np.float64(4646.49), np.float64(4576.49), None, None, None]",76.26,-106.02,-0.03,78770.65,[],-0.11
198,short,4697.91,2026-05-12 14:35:00+00:00,1778596500,4680.49,2026-05-12 18:15:00+00:00,1778609700,SL,4680.34,"[np.float64(4580.03), np.float64(4438.38), None, None, None]",37.91,660.47,0.37,79431.12,[],0.66
199,short,4704.33,2026-05-13 06:05:00+00:00,1778652300,4711.09,2026-05-13 07:05:00+00:00,1778655900,SL,4710.94,"[np.float64(4657.13), np.float64(4600.32), None, None, None]",93.71,-633.85,-0.14,78797.27,[],-0.63
200,short,4693.35,2026-05-14 14:15:00+00:00,1778768100,4570.7,2026-05-15 11:50:00+00:00,1778845800,Trail_SL,4570.55,"[np.float64(4585.66), np.float64(4456.26), None, None, None]",41.47,4772.79,2.45,83570.06,[1],4.77
201,short,4474.13,2026-05-20 10:25:00+00:00,1779272700,4490.27,2026-05-20 10:55:00+00:00,1779274500,SL,4490.12,"[np.float64(4402.99), np.float64(4317.44), None, None, None]",62.53,-1009.4,-0.36,82560.66,[],-1.01
202,short,4535.09,2026-05-21 10:30:00+00:00,1779359400,4517.27,2026-05-21 14:50:00+00:00,1779375000,SL,4517.12,"[np.float64(4456.1), np.float64(4361.14), None, None, None]",56.38,1004.84,0.39,83565.5,[],1.0
203,long,4528.6,2026-05-22 10:45:00+00:00,1779446700,4507.5,2026-05-22 15:00:00+00:00,1779462000,SL,4507.65,"[np.float64(4622.06), np.float64(4734.38), None, None, None]",47.73,-1007.17,-0.47,82558.33,[],-1.01
204,short,4535.66,2026-05-26 09:00:00+00:00,1779786000,4532.3,2026-05-26 11:15:00+00:00,1779794100,SL,4532.15,"[np.float64(4479.35), np.float64(4411.6), None, None, None]",78.76,264.31,0.07,82822.64,[],0.26
205,short,4385.25,2026-05-28 08:50:00+00:00,1779958200,4406.42,2026-05-28 13:45:00+00:00,1779975900,SL,4406.27,"[np.float64(4291.5), np.float64(4178.83), None, None, None]",47.58,-1007.06,-0.48,81815.57,[],-1.01
206,short,4503.02,2026-06-01 11:35:00+00:00,1780313700,4465.76,2026-06-01 14:30:00+00:00,1780324200,News Embargo,4482.38,"[np.float64(4447.72), np.float64(4381.19), None, None, None]",80.18,2987.51,0.83,84803.08,[],2.99
207,long,4528.18,2026-06-02 13:30:00+00:00,1780407000,4513.77,2026-06-02 13:55:00+00:00,1780408500,SL,4513.92,"[np.float64(4591.54), np.float64(4667.75), None, None, None]",70.11,-1010.54,-0.32,83792.54,[],-1.01
208,short,4448.31,2026-06-05 07:35:00+00:00,1780644900,4453.84,2026-06-05 07:45:00+00:00,1780645500,Signal,4460.73,"[np.float64(4393.26), np.float64(4327.02), None, None, None]",80.54,-445.39,-0.12,83347.15,[],-0.45
209,long,4453.84,2026-06-05 07:45:00+00:00,1780645500,4469.18,2026-06-05 13:15:00+00:00,1780665300,News Embargo,4428.26,"[np.float64(4585.88), np.float64(4744.52), None, None, None]",33.87,519.57,0.34,83866.72,[],0.52
210,long,4331.73,2026-06-09 09:10:00+00:00,1780996200,4330.74,2026-06-09 14:25:00+00:00,1781015100,Signal,4316.65,"[np.float64(4411.8), np.float64(4508.06), None, None, None]",55.63,-55.07,-0.02,83811.65,[],-0.06
211,short,4330.74,2026-06-09 14:25:00+00:00,1781015100,4346.36,2026-06-09 14:45:00+00:00,1781016300,SL,4346.21,"[np.float64(4261.96), np.float64(4179.25), None, None, None]",64.65,-1009.64,-0.36,82802.01,[],-1.01
212,short,4328.77,2026-06-09 14:55:00+00:00,1781016900,4210.43,2026-06-10 07:00:00+00:00,1781074800,Trail_SL,4210.28,"[np.float64(4222.53), np.float64(4094.87), None, None, None]",42.03,4716.33,2.59,87518.34,[1],4.72
213,long,4081.95,2026-06-11 13:55:00+00:00,1781186100,4060.1,2026-06-11 15:10:00+00:00,1781190600,SL,4060.25,"[np.float64(4178.77), np.float64(4295.13), None, None, None]",46.09,-1007.01,-0.54,86511.33,[],-1.01
214,short,4079.47,2026-06-11 17:25:00+00:00,1781198700,4110.17,2026-06-11 18:30:00+00:00,1781202600,SL,4110.02,"[np.float64(3942.8), np.float64(3778.62), None, None, None]",32.73,-1004.94,-0.75,85506.39,[],-1.0
215,long,4194.17,2026-06-12 08:55:00+00:00,1781254500,4214.35,2026-06-12 21:30:00+00:00,1781299800,Weekend Close,4176.72,"[np.float64(4358.63), np.float64(4556.16), None, None, None]",27.23,549.5,0.48,86055.89,[],0.55
216,short,4316.71,2026-06-16 06:35:00+00:00,1781591700,4340.99,2026-06-16 09:15:00+00:00,1781601300,SL,4340.84,"[np.float64(4208.93), np.float64(4079.42), None, None, None]",41.44,-1006.33,-0.56,85049.56,[],-1.01
217,long,4338.33,2026-06-16 14:20:00+00:00,1781619600,4323.75,2026-06-16 15:15:00+00:00,1781622900,SL,4323.9,"[np.float64(4402.44), np.float64(4479.56), None, None, None]",69.29,-1010.32,-0.34,84039.23,[],-1.01
218,long,4332.03,2026-06-17 10:25:00+00:00,1781691900,4329.34,2026-06-17 10:30:00+00:00,1781692200,Signal,4313.18,"[np.float64(4416.02), np.float64(4516.98), None, None, None]",53.06,-142.73,-0.06,83896.5,[],-0.14
219,short,4329.34,2026-06-17 10:30:00+00:00,1781692200,4342.61,2026-06-17 14:45:00+00:00,1781707500,SL,4342.46,"[np.float64(4266.74), np.float64(4191.44), None, None, None]",70.95,-941.6,-0.31,82954.9,[],-0.94
220,short,4302.97,2026-06-18 06:45:00+00:00,1781765100,4171.64,2026-06-19 09:20:00+00:00,1781860800,Trail_SL,4171.49,"[np.float64(4163.41), np.float64(3995.75), None, None, None]",32.05,4338.68,3.15,87293.58,[1],4.34
221,short,4151.31,2026-06-19 17:50:00+00:00,1781891400,4163.03,2026-06-22 00:05:00+00:00,1782086700,SL,4162.88,"[np.float64(4085.88), np.float64(4007.18), None, None, None]",67.92,-795.91,-0.28,86497.67,[],-0.8
222,long,4201.26,2026-06-22 15:45:00+00:00,1782143100,4168.94,2026-06-23 02:30:00+00:00,1782181800,SL,4169.09,"[np.float64(4345.21), np.float64(4518.13), None, None, None]",31.08,-1004.58,-0.77,85493.09,[],-1.0
223,short,4130.92,2026-06-23 14:45:00+00:00,1782225900,4110.65,2026-06-24 01:05:00+00:00,1782263100,SL,4110.5,"[np.float64(4048.0), np.float64(3948.32), None, None, None]",53.74,1089.54,0.49,86582.63,[],1.09
224,long,4061.76,2026-06-29 07:05:00+00:00,1782716700,4036.58,2026-06-29 10:45:00+00:00,1782729900,SL,4036.73,"[np.float64(4173.59), np.float64(4307.96), None, None, None]",39.95,-1006.11,-0.62,85576.52,[],-1.01
225,long,4025.23,2026-06-30 14:40:00+00:00,1782830400,4020.68,2026-06-30 18:10:00+00:00,1782843000,SL,4020.83,"[np.float64(4143.72), np.float64(4286.1), None, None, None]",37.71,-171.75,-0.11,85404.76,[],-0.17
226,short,3973.41,2026-07-01 10:05:00+00:00,1782900300,3992.14,2026-07-01 11:30:00+00:00,1782905400,SL,3991.99,"[np.float64(3890.64), np.float64(3791.14), None, None, None]",53.83,-1008.01,-0.47,84396.75,[],-1.01
227,long,4063.33,2026-07-02 12:10:00+00:00,1782994200,4063.83,2026-07-02 13:15:00+00:00,1782998100,News Embargo,4054.01,"[np.float64(4117.54), np.float64(4182.76), None, None, None]",81.77,40.88,0.01,84437.64,[],0.04
228,long,4174.48,2026-07-03 06:20:00+00:00,1783059600,4168.05,2026-07-03 07:00:00+00:00,1783062000,SL,4168.2,"[np.float64(4211.98), np.float64(4257.15), None, None, None]",117.43,-754.5,-0.15,83683.14,[],-0.75
229,long,4171.75,2026-07-03 16:00:00+00:00,1783094400,4183.06,2026-07-06 00:45:00+00:00,1783298700,SL,4183.21,"[np.float64(4222.51), np.float64(4283.59), None, None, None]",87.24,986.72,0.27,84669.86,[],0.99
230,short,4150.38,2026-07-06 16:25:00+00:00,1783355100,4161.62,2026-07-06 18:55:00+00:00,1783364100,SL,4161.47,"[np.float64(4091.36), np.float64(4020.36), None, None, None]",75.2,-845.1,-0.27,83824.76,[],-0.85
231,long,4121.18,2026-07-08 08:55:00+00:00,1783500900,4110.2,2026-07-08 09:15:00+00:00,1783502100,SL,4110.35,"[np.float64(4169.09), np.float64(4226.77), None, None, None]",92.33,-1013.83,-0.27,82810.93,[],-1.01
232,short,4108.93,2026-07-10 13:15:00+00:00,1783689300,4099.65,2026-07-10 15:40:00+00:00,1783698000,SL,4099.5,"[np.float64(4035.02), np.float64(3946.16), None, None, None]",60.22,558.8,0.23,83369.73,[],0.56
233,short,4107.45,2026-07-10 17:45:00+00:00,1783705500,4111.51,2026-07-10 21:30:00+00:00,1783719000,Weekend Close,4116.21,"[np.float64(4056.07), np.float64(3994.23), None, None, None]",86.2,-349.97,-0.1,83019.76,[],-0.35
234,long,4074.26,2026-07-14 16:40:00+00:00,1784047200,4050.18,2026-07-14 19:40:00+00:00,1784058000,SL,4050.33,"[np.float64(4181.13), np.float64(4309.56), None, None, None]",41.78,-1006.17,-0.59,82013.59,[],-1.01
235,short,4031.62,2026-07-16 10:30:00+00:00,1784197800,4038.58,2026-07-16 12:45:00+00:00,1784205900,SL,4038.43,"[np.float64(3983.82), np.float64(3926.29), None, None, None]",92.55,-643.89,-0.17,81369.7,[],-0.64
236,short,4032.05,2026-07-16 12:45:00+00:00,1784205900,4039.53,2026-07-16 12:50:00+00:00,1784206200,Signal,4050.48,"[np.float64(3949.92), np.float64(3851.19), None, None, None]",54.25,-405.79,-0.19,80963.91,[],-0.41
237,long,4039.53,2026-07-16 12:50:00+00:00,1784206200,4031.54,2026-07-16 13:10:00+00:00,1784207400,Signal,4013.62,"[np.float64(4155.3), np.float64(4294.41), None, None, None]",38.59,-308.33,-0.2,80655.58,[],-0.31
238,short,4031.54,2026-07-16 13:10:00+00:00,1784207400,4000.47,2026-07-16 14:25:00+00:00,1784211900,SL,4000.32,"[np.float64(3957.23), np.float64(3867.88), None, None, None]",59.89,1861.08,0.77,82516.66,[],1.86
239,long,4012.83,2026-07-20 15:45:00+00:00,1784562300,4058.09,2026-07-21 12:00:00+00:00,1784635200,SL,4058.24,"[np.float64(4084.77), np.float64(4171.28), None, None, None]",61.84,2798.7,1.13,85315.36,[],2.8
240,long,4059.13,2026-07-21 13:15:00+00:00,1784639700,4049.28,2026-07-21 14:30:00+00:00,1784644200,SL,4049.43,"[np.float64(4103.81), np.float64(4157.6), None, None, None]",98.9,-974.04,-0.24,84341.32,[],-0.97
241,long,4050.55,2026-07-21 14:45:00+00:00,1784645100,4114.41,2026-07-22 07:25:00+00:00,1784705100,Trail_SL,4114.56,"[np.float64(4125.71), np.float64(4216.07), None, None, None]",59.23,4112.71,1.71,88454.04,[1],4.11
242,long,4120.27,2026-07-22 12:45:00+00:00,1784724300,4111.9,2026-07-22 13:55:00+00:00,1784728500,SL,4112.05,"[np.float64(4182.06), np.float64(4256.39), None, None, None]",71.87,-601.76,-0.2,87852.28,[],-0.6
243,long,4098.11,2026-07-27 11:35:00+00:00,1785152100,4080.12,2026-07-27 14:25:00+00:00,1785162300,SL,4080.27,"[np.float64(4177.58), np.float64(4273.12), None, None, None]",56.04,-1008.35,-0.44,86843.93,[],-1.01
244,short,4049.92,2026-07-28 08:25:00+00:00,1785227100,4029.86,2026-07-28 12:15:00+00:00,1785240900,SL,4029.71,"[np.float64(4014.53), np.float64(3971.88), None, None, None]",124.25,2492.78,0.5,89336.71,[],2.49
245,short,4060.87,2026-08-03 08:00:00+00:00,1785744000,4034.24,2026-08-03 14:30:00+00:00,1785767400,News Embargo,4062.48,"[np.float64(3974.33), np.float64(3870.3), None, None, None]",51.51,1371.71,0.66,90708.42,[],1.37
246,short,4056.6,2026-08-04 07:30:00+00:00,1785828600,4071.71,2026-08-04 09:00:00+00:00,1785834000,SL,4071.56,"[np.float64(3990.1), np.float64(3910.13), None, None, None]",66.84,-1009.96,-0.37,89698.46,[],-1.01
247,short,4058.73,2026-08-04 09:35:00+00:00,1785836100,4058.29,2026-08-04 11:45:00+00:00,1785843900,Signal,4071.44,"[np.float64(3986.62), np.float64(3899.92), None, None, None]",61.7,27.15,0.01,89725.6,[],0.03
248,long,4058.29,2026-08-04 11:45:00+00:00,1785843900,4063.65,2026-08-04 13:05:00+00:00,1785848700,SL,4063.8,"[np.float64(4114.55), np.float64(4182.23), None, None, None]",78.84,422.94,0.13,90148.54,[],0.42
249,long,4338.49,2026-08-10 15:20:00+00:00,1786375200,4392.98,2026-08-11 06:25:00+00:00,1786429500,SL,4393.13,"[np.float64(4455.9), np.float64(4596.98), None, None, None]",38.06,2073.89,1.26,92222.43,[],2.07
250,long,4408.72,2026-08-12 13:10:00+00:00,1786540200,4408.42,2026-08-12 13:15:00+00:00,1786540500,News Embargo,4399.6,"[np.float64(4448.95), np.float64(4497.4), None, None, None]",109.62,-32.89,-0.01,92189.55,[],-0.03
251,short,4393.56,2026-08-13 14:00:00+00:00,1786629600,4343.84,2026-08-14 08:55:00+00:00,1786697700,SL,4343.69,"[np.float64(4302.0), np.float64(4191.94), None, None, None]",48.71,2421.91,1.13,94611.46,[],2.42
252,long,4393.0,2026-08-17 06:15:00+00:00,1786947300,4389.2,2026-08-17 13:25:00+00:00,1786973100,SL,4389.35,"[np.float64(4453.8), np.float64(4526.93), None, None, None]",73.03,-277.51,-0.09,94333.95,[],-0.28
253,short,4395.45,2026-08-18 13:20:00+00:00,1787059200,4397.27,2026-08-18 14:35:00+00:00,1787063700,SL,4397.12,"[np.float64(4338.29), np.float64(4269.51), None, None, None]",77.6,-141.1,-0.04,94192.85,[],-0.14
254,long,4403.07,2026-08-18 14:35:00+00:00,1787063700,4394.91,2026-08-18 14:45:00+00:00,1787064300,Signal,4376.03,"[np.float64(4523.94), np.float64(4669.16), None, None, None]",36.98,-301.76,-0.19,93891.09,[],-0.3
255,short,4394.91,2026-08-18 14:45:00+00:00,1787064300,4404.23,2026-08-18 15:00:00+00:00,1787065200,Signal,4415.44,"[np.float64(4303.36), np.float64(4193.31), None, None, None]",48.71,-453.98,-0.21,93437.12,[],-0.45
256,long,4404.23,2026-08-18 15:00:00+00:00,1787065200,4397.91,2026-08-18 15:05:00+00:00,1787065500,Signal,4374.36,"[np.float64(4537.82), np.float64(4698.31), None, None, None]",33.48,-211.59,-0.14,93225.52,[],-0.21
257,short,4397.91,2026-08-18 15:05:00+00:00,1787065500,4401.59,2026-08-18 15:15:00+00:00,1787066100,Signal,4418.66,"[np.float64(4305.37), np.float64(4194.14), None, None, None]",48.2,-177.38,-0.08,93048.15,[],-0.18
258,long,4401.59,2026-08-18 15:15:00+00:00,1787066100,4397.51,2026-08-18 15:20:00+00:00,1787066400,Signal,4373.59,"[np.float64(4526.75), np.float64(4677.11), None, None, None]",35.72,-145.74,-0.09,92902.41,[],-0.15
259,short,4397.51,2026-08-18 15:20:00+00:00,1787066400,4356.4,2026-08-19 02:40:00+00:00,1787107200,SL,4356.25,"[np.float64(4307.57), np.float64(4199.46), None, None, None]",49.58,2038.1,0.93,94940.51,[],2.04
260,short,4491.16,2026-08-20 09:25:00+00:00,1787217900,4470.84,2026-08-20 13:45:00+00:00,1787233500,SL,4470.69,"[np.float64(4435.4), np.float64(4368.3), None, None, None]",79.52,1615.81,0.45,96556.32,[],1.62
261,long,4587.29,2026-08-21 14:35:00+00:00,1787322900,4610.59,2026-08-21 21:30:00+00:00,1787347800,Weekend Close,4584.84,"[np.float64(4719.4), np.float64(4878.12), None, None, None]",33.85,788.71,0.51,97345.02,[],0.79
262,long,4632.74,2026-08-24 06:30:00+00:00,1787553000,4637.45,2026-08-24 08:40:00+00:00,1787560800,SL,4637.6,"[np.float64(4694.56), np.float64(4768.93), None, None, None]",71.83,338.0,0.1,97683.02,[],0.34
263,long,4637.41,2026-08-24 09:35:00+00:00,1787564100,4647.67,2026-08-24 16:45:00+00:00,1787589900,SL,4647.82,"[np.float64(4729.42), np.float64(4840.01), None, None, None]",48.47,497.38,0.22,98180.4,[],0.5
264,short,4640.3,2026-08-25 12:05:00+00:00,1787659500,4625.56,2026-08-25 15:10:00+00:00,1787670600,SL,4625.41,"[np.float64(4583.9), np.float64(4516.03), None, None, None]",78.63,1159.2,0.32,99339.6,[],1.16
265,short,4623.92,2026-08-26 15:00:00+00:00,1787756400,4623.85,2026-08-27 00:35:00+00:00,1787790900,SL,4623.7,"[np.float64(4510.05), np.float64(4373.24), None, None, None]",39.24,2.79,0.0,99342.4,[],0.0
266,long,4601.37,2026-08-28 11:45:00+00:00,1787917500,4593.36,2026-08-28 12:35:00+00:00,1787920500,SL,4593.51,"[np.float64(4635.93), np.float64(4677.57), None, None, None]",127.19,-1019.11,-0.17,98323.29,[],-1.02
267,long,4601.46,2026-08-28 13:20:00+00:00,1787923200,4602.83,2026-08-28 15:00:00+00:00,1787929200,SL,4602.98,"[np.float64(4668.49), np.float64(4749.11), None, None, None]",66.31,91.01,0.03,98414.29,[],0.09
268,short,4577.11,2026-08-28 15:00:00+00:00,1787929200,4458.24,2026-08-28 21:30:00+00:00,1787952600,Weekend Close,4564.75,"[np.float64(4242.26), np.float64(3840.26), None, None, None]",13.41,1594.05,2.6,100008.34,[],1.59
269,short,4433.7,2026-08-31 06:20:00+00:00,1788157200,4445.19,2026-08-31 08:20:00+00:00,1788164400,SL,4445.04,"[np.float64(4383.48), np.float64(4323.04), None, None, None]",88.16,-1013.21,-0.26,98995.13,[],-1.01
270,short,4437.29,2026-08-31 09:20:00+00:00,1788168000,4453.86,2026-08-31 11:50:00+00:00,1788177000,SL,4453.71,"[np.float64(4364.23), np.float64(4276.39), None, None, None]",60.91,-1009.15,-0.37,97985.99,[],-1.01
271,long,4318.78,2026-09-02 10:05:00+00:00,1788343500,4303.95,2026-09-02 11:05:00+00:00,1788347100,SL,4304.1,"[np.float64(4384.0), np.float64(4462.45), None, None, None]",68.13,-1010.17,-0.34,96975.82,[],-1.01
272,short,4404.59,2026-09-08 12:35:00+00:00,1788870900,4403.3,2026-09-08 13:30:00+00:00,1788874200,SL,4403.15,"[np.float64(4353.48), np.float64(4291.97), None, None, None]",86.65,111.36,0.03,97087.18,[],0.11
273,long,4337.29,2026-09-14 06:55:00+00:00,1789368900,4311.05,2026-09-14 08:50:00+00:00,1789375800,SL,4311.2,"[np.float64(4453.89), np.float64(4593.98), None, None, None]",38.32,-1005.66,-0.61,96081.52,[],-1.01
274,long,4381.63,2026-09-18 12:55:00+00:00,1789736100,4363.56,2026-09-18 13:20:00+00:00,1789737600,SL,4363.71,"[np.float64(4461.44), np.float64(4557.38), None, None, None]",55.81,-1008.38,-0.41,95073.14,[],-1.01
275,short,4355.29,2026-09-21 09:35:00+00:00,1789983300,4357.14,2026-09-21 12:30:00+00:00,1789993800,SL,4356.99,"[np.float64(4308.39), np.float64(4251.92), None, None, None]",94.28,-174.41,-0.04,94898.73,[],-0.17
276,short,4331.01,2026-09-22 14:35:00+00:00,1790087700,4346.72,2026-09-22 18:50:00+00:00,1790103000,SL,4346.57,"[np.float64(4242.69), np.float64(4136.54), None, None, None]",50.48,-793.27,-0.36,94105.46,[],-0.79
